Question,Response
What are the symptoms of COVID-19?,"The most common symptoms of COVID-19 are fever, dry cough, and tiredness. Other symptoms may include shortness of breath, aches and pains, sore throat, and loss of taste or smell."
How can I manage my diabetes effectively?,"To manage diabetes effectively, monitor your blood sugar levels regularly, follow a healthy diet, exercise regularly, take prescribed medications, and consult your healthcare provider regularly."
What is the recommended diet for high blood pressure?,"A recommended diet for high blood pressure includes plenty of fruits, vegetables, whole grains, lean proteins, and low-fat dairy products. Limiting salt, saturated fats, and alcohol is also beneficial."
How often should I get a cholesterol check?,"Adults should have their cholesterol checked every 4-6 years. However, those with a history of heart disease, diabetes, or other risk factors may need more frequent checks."
What are the treatment options for arthritis?,"Treatment options for arthritis include medications, physical therapy, lifestyle changes, and in some cases, surgery. Consult your healthcare provider for a treatment plan tailored to your needs."
What vaccinations do adults need?,"Adults need vaccinations including the flu shot, Tdap (tetanus, diphtheria, and pertussis), shingles vaccine, pneumococcal vaccines, and others based on age, health condition, and lifestyle."
How can I improve my mental health?,"Improving mental health can be achieved through regular exercise, healthy eating, adequate sleep, stress management techniques, staying connected with loved ones, and seeking professional help when needed."
What are the signs of a stroke?,"Signs of a stroke include sudden numbness or weakness in the face, arm, or leg, especially on one side of the body; sudden confusion, trouble speaking, or understanding speech; sudden trouble seeing in one or both eyes; sudden trouble walking, dizziness, loss of balance or coordination; and a sudden severe headache with no known cause."
How do I know if I have depression?,"Symptoms of depression include persistent sadness or anxiety, loss of interest in activities once enjoyed, changes in appetite or weight, trouble sleeping or sleeping too much, loss of energy, feelings of worthlessness or guilt, difficulty concentrating, and thoughts of death or suicide."
What are the benefits of quitting smoking?,"Quitting smoking has numerous benefits, including improved heart and lung health, reduced risk of cancer, better respiratory function, enhanced sense of taste and smell, and overall improved quality of life."
How can I prevent heart disease?,"Prevent heart disease by maintaining a healthy diet, exercising regularly, avoiding tobacco, managing stress, keeping a healthy weight, and regularly monitoring blood pressure, cholesterol, and blood sugar levels."
What should I do if I suspect a heart attack?,"If you suspect a heart attack, call emergency services immediately. Chew an aspirin if not allergic, stay calm, and sit down while waiting for medical help to arrive."
What are the side effects of chemotherapy?,"Common side effects of chemotherapy include fatigue, nausea, vomiting, hair loss, loss of appetite, mouth sores, and increased risk of infection. Side effects vary depending on the type of chemotherapy."
How can I manage chronic pain?,"Managing chronic pain involves a combination of medications, physical therapy, exercise, psychological support, and sometimes alternative therapies like acupuncture or massage."
What are the early symptoms of Alzheimer's disease?,"Early symptoms of Alzheimer's disease include memory loss, difficulty planning or solving problems, trouble completing familiar tasks, confusion with time or place, and changes in mood or personality."
How can I reduce my risk of cancer?,"Reduce your risk of cancer by avoiding tobacco, limiting alcohol consumption, maintaining a healthy diet, exercising regularly, protecting skin from excessive sun exposure, and getting regular medical screenings."
What is the best way to lose weight?,"The best way to lose weight is through a combination of a healthy, balanced diet and regular physical activity. Consulting with a healthcare provider or a nutritionist can also provide personalized guidance."
What are the symptoms of asthma?,"Symptoms of asthma include shortness of breath, chest tightness, wheezing, and coughing, especially at night or early in the morning."
How is osteoporosis diagnosed?,"Osteoporosis is diagnosed through bone density tests, which measure the strength and density of bones. A healthcare provider may also consider medical history and risk factors."
What are the treatment options for anxiety?,"Treatment options for anxiety include therapy, medications, lifestyle changes, stress management techniques, and support groups. A mental health professional can help determine the best approach."
How can I improve my sleep quality?,"Improve sleep quality by maintaining a regular sleep schedule, creating a restful environment, limiting screen time before bed, avoiding caffeine and heavy meals before bedtime, and practicing relaxation techniques."
What are the symptoms of a urinary tract infection?,"Symptoms of a urinary tract infection include a strong, persistent urge to urinate, a burning sensation when urinating, passing frequent, small amounts of urine, cloudy or strong-smelling urine, and pelvic pain."
What is the recommended treatment for migraines?,"Treatment for migraines includes medications to relieve symptoms and prevent future attacks, lifestyle changes, avoiding known triggers, and sometimes alternative treatments such as acupuncture."
How can I manage my allergies?,"Manage allergies by avoiding known allergens, taking medications such as antihistamines, using nasal sprays, and consulting an allergist for additional treatments or allergy shots."
What are the symptoms of appendicitis?,"Symptoms of appendicitis include sudden pain that begins around the navel and shifts to the lower right abdomen, pain that worsens with movement, nausea, vomiting, loss of appetite, fever, and abdominal swelling."
How can I prevent osteoporosis?,"Prevent osteoporosis by ensuring adequate intake of calcium and vitamin D, engaging in regular weight-bearing exercise, avoiding smoking and excessive alcohol consumption, and getting bone density screenings as recommended."
What are the signs of skin cancer?,"Signs of skin cancer include new growths or sores that do not heal, changes in the size, shape, or color of moles, and any unusual skin changes. Regular self-examinations and dermatologist visits are important."
How is diabetes diagnosed?,"Diabetes is diagnosed through blood tests that measure blood sugar levels, such as fasting blood sugar tests, HbA1c tests, and oral glucose tolerance tests."
What are the treatment options for epilepsy?,"Treatment options for epilepsy include medications to control seizures, dietary changes, lifestyle modifications, and in some cases, surgery. Regular follow-ups with a neurologist are essential."
How can I manage my cholesterol levels?,"Manage cholesterol levels by eating a healthy diet low in saturated and trans fats, exercising regularly, maintaining a healthy weight, and taking medications as prescribed by a healthcare provider."
What is the best way to treat a sprained ankle?,"Treat a sprained ankle by following the R.I.C.E. method: Rest, Ice, Compression, and Elevation. Over-the-counter pain relievers and avoiding putting weight on the injured ankle can also help."
What are the symptoms of meningitis?,"Symptoms of meningitis include severe headache, fever, neck stiffness, sensitivity to light, nausea, vomiting, confusion, and a rash. Seek medical attention immediately if these symptoms occur."
How can I prevent the flu?,"Prevent the flu by getting an annual flu vaccine, practicing good hygiene such as frequent handwashing, avoiding close contact with sick individuals, and maintaining a healthy lifestyle."
What are the signs of liver disease?,"Signs of liver disease include jaundice (yellowing of the skin and eyes), dark urine, fatigue, nausea, vomiting, loss of appetite, and abdominal pain or swelling."
How is rheumatoid arthritis treated?,"Rheumatoid arthritis is treated with medications, physical therapy, lifestyle changes, and sometimes surgery. Early diagnosis and treatment are crucial to managing the disease."
What are the symptoms of kidney stones?,"Symptoms of kidney stones include severe pain in the back or side, pain during urination, pink, red, or brown urine, nausea, vomiting, and frequent urination."
How can I improve my digestion?,"Improve digestion by eating a high-fiber diet, staying hydrated, eating regular meals, avoiding excessive caffeine and alcohol, and managing stress."
What is the treatment for insomnia?,"Treatment for insomnia includes lifestyle changes, cognitive-behavioral therapy for insomnia (CBT-I), medications, and establishing a regular sleep routine."
What are the symptoms of gallbladder disease?,"Symptoms of gallbladder disease include pain in the upper right abdomen, nausea, vomiting, fever, and jaundice. The pain may worsen after eating fatty foods."
How can I manage my blood sugar levels?,"Manage blood sugar levels by eating a balanced diet, exercising regularly, monitoring blood sugar levels, taking medications as prescribed, and avoiding sugary foods and drinks."
What are the side effects of antidepressants?,"Side effects of antidepressants can include nausea, weight gain, fatigue, insomnia, dry mouth, blurred vision, and sexual side effects. Side effects vary depending on the type of antidepressant."
How can I prevent kidney disease?,"Prevent kidney disease by maintaining a healthy blood pressure, controlling blood sugar levels, eating a healthy diet, staying hydrated, avoiding smoking, and getting regular check-ups."
What are the signs of pancreatic cancer?,"Signs of pancreatic cancer include jaundice, abdominal or back pain, weight loss, loss of appetite, nausea, vomiting, and new-onset diabetes. Early detection is challenging but crucial."
How is high blood pressure treated?,"High blood pressure is treated with lifestyle changes, such as a healthy diet, regular exercise, weight loss, and medications prescribed by a healthcare provider."
What are the symptoms of celiac disease?,"Symptoms of celiac disease include diarrhea, bloating, gas, fatigue, weight loss, anemia, and other digestive issues. A strict gluten-free diet is essential for managing the condition."
How can I improve my immune system?,"Improve your immune system by eating a balanced diet
